Duration,Course,Description,Location
Duration: 1 Month,Python training,"Launch your data science or web development career with Python, the versatile programming language.","Python courses available in: Hyderabad, Vijayawada,  Bangalore"
Duration: 6 Months,Data science training,Advance your analytics career by gaining data science skills to extract strategic insights.,"Data science courses available in: Hyderabad, Vijayawada"
Duration: 100 Days,Full-stack Python course,Become a full-stack Python developer and kickstart your web and app development career.,"Full-stack Python courses available in: Hyderabad, Vijayawada,  Bangalore"
Duration: 1 Month,Java training,Strengthen your backend development career by mastering object-oriented Java.,"Java training classes available in: Hyderabad, Vijayawada,  Bangalore"
Duration: 6 Months,Machine Learning training,Advance your career in AI by mastering machine learning models and algorithms.,"Machine learning classes available in: Hyderabad, Vijayawada"
Duration: 100 Days,Full-stack Java course,Launch your career as a full-stack developer by gaining in-demand Java skills spanning front and backend.,"Full-stack Java courses available in: Hyderabad, Vijayawada,  Bangalore"
Duration: 1 Month,React JS training,Boost your front-end career by building interactive web apps with React.,React JS course in Vijayawada
Duration: 3 Months,Data structures & algorithm training,Strengthen your foundations to pass interviews and excel in software roles.,Data structure course in Vijayawada
Duration: 30 Days,C Programming course,Advance your systems and hardware programming career by mastering C language.,C language course in Vijayawada
Duration: 100 days,Software testing training,"Learn comprehensive software testing skills through a thorough training program covering manual testing, white-box and black-box testing, Selenium, and working on live projects to gain practical experience.","Software testing classes available in: Vijayawada, Bangalore, and Hyderabad"
